churn_event_id,account_id,churn_date,reason_code,refund_amount_usd,preceding_upgrade_flag,preceding_downgrade_flag,is_reactivation,feedback_text
A-43a9e3,A-c37cab,2024-10-27,pricing,4.03,f,f,f,switched to competitor
A-ce550d,A-37f969,2024-06-25,support,96.45,t,f,f,
A-7dacce,A-b07346,2024-11-12,budget,0,f,f,f,missing features
A-10b8da,A-1e50e0,2023-11-01,budget,54.94,f,f,f,switched to competitor
A-592832,A-956988,2024-12-30,unknown,0,f,t,t,too expensive
A-c4ea60,A-b20d99,2024-03-04,features,0,f,f,f,missing features
A-4e44e8,A-526d93,2024-07-10,features,34.4,t,f,f,
A-30b4ca,A-751bd4,2024-09-22,budget,0,f,f,f,
A-32fb14,A-ccabf0,2024-10-31,features,0,f,f,f,too expensive
A-35083d,A-0a62f5,2024-10-10,features,0,f,f,f,switched to competitor
A-08e34e,A-3ce5b8,2024-09-18,features,261.49,f,f,f,too expensive
A-7f8241,A-3b5cd1,2024-08-30,unknown,77.87,f,f,f,missing features
A-b2225d,A-bcf664,2024-08-08,competitor,0,f,f,f,
A-32728c,A-b9f5b1,2023-07-21,features,0,f,f,f,switched to competitor
A-4c38bc,A-0dbdc6,2024-04-14,pricing,175.02,f,f,f,too expensive
A-9ee962,A-c9bb3e,2024-07-29,pricing,0,f,f,f,switched to competitor
A-84ebe4,A-96e141,2024-07-22,budget,43.53,f,f,f,too expensive
A-5b4ebb,A-e7a1e2,2024-09-08,support,0,t,f,f,missing features
A-9208f0,A-812c5b,2024-05-11,support,11.83,f,f,f,missing features
A-271f46,A-c70870,2024-12-13,competitor,0,f,f,f,switched to competitor
A-8b25f2,A-271f46,2024-08-09,features,0,f,f,t,missing features
A-503d5a,A-592832,2024-10-04,support,22.66,f,f,f,switched to competitor
A-69fad4,A-180abf,2023-12-04,support,0,f,f,f,
A-f19409,A-0a282f,2024-10-06,features,0,f,f,f,switched to competitor
A-425e76,A-e51ec7,2024-01-29,support,0,f,f,f,missing features
A-e83938,A-034368,2024-08-29,features,0,t,f,f,
A-e61e98,A-8bde0c,2024-11-28,features,0,f,f,f,missing features
A-95b24a,A-08e34e,2024-07-13,competitor,225.18,f,f,f,switched to competitor
A-42e5e1,A-44dc83,2024-11-29,unknown,98.48,f,t,f,missing features
A-180abf,A-78f02b,2024-12-02,unknown,0,f,f,f,missing features
A-f17767,A-fce879,2024-12-03,features,0,t,f,f,switched to competitor
A-5a184f,A-34ea2f,2024-10-05,unknown,0,t,f,f,
A-7df7a7,A-0baac2,2024-12-24,unknown,68.65,f,f,f,switched to competitor
A-1ac5e0,A-ac85cd,2024-10-20,features,83.94,f,f,f,
A-117171,A-439b2f,2024-11-18,features,0,f,f,f,switched to competitor
A-50f3f7,A-0f6450,2024-12-29,competitor,0,f,f,f,missing features
A-3932db,A-b78bf8,2024-12-06,unknown,0,f,f,f,
A-4c6f11,A-7df7a7,2024-07-10,budget,0,f,f,f,missing features
A-eafc6e,A-396e5f,2024-11-30,features,0,f,f,f,too expensive
A-439b2f,A-32fb14,2023-08-19,budget,0,f,f,f,switched to competitor
A-038089,A-4e0e85,2024-03-14,pricing,0,f,f,f,
A-d5a319,A-922109,2024-08-03,support,0,t,t,f,too expensive
A-ff79f2,A-794a0b,2024-09-09,budget,0,f,t,f,switched to competitor
A-9779ad,A-5a184f,2024-03-19,support,0,f,t,f,missing features
A-88c6ca,A-ccb686,2024-06-22,budget,0,t,f,f,
A-139c3b,A-029f69,2024-12-14,competitor,32.73,f,f,f,too expensive
A-7a0d69,A-9208f0,2023-11-18,features,0,f,f,f,switched to competitor
A-692f18,A-5a92e7,2024-11-11,budget,0,t,f,f,missing features
A-13466a,A-f45426,2024-11-13,pricing,0,f,f,f,switched to competitor
A-c608c8,A-2446e3,2024-07-29,unknown,47.06,f,f,f,
A-3be56b,A-d535f6,2024-11-26,features,0,f,f,f,switched to competitor
A-c222ab,A-6da850,2024-10-25,competitor,0,f,f,f,missing features
A-249769,A-249769,2024-12-16,budget,0,f,f,f,
A-eb2fdc,A-8e47ca,2024-06-01,competitor,0,f,f,f,missing features
A-d922bf,A-484819,2023-12-29,support,0,f,f,f,
A-8ed5dd,A-bbc346,2024-10-31,competitor,0,t,f,f,too expensive
A-4ae22a,A-eb1312,2024-09-28,unknown,0,f,f,f,switched to competitor
A-977ca0,A-bf7919,2024-12-06,support,0,f,f,f,
A-ab438f,A-bece89,2024-07-27,unknown,53.61,f,f,f,switched to competitor
A-e89151,A-832ec2,2023-12-19,unknown,0,f,f,f,too expensive
A-e693b6,A-22d9d2,2024-10-17,pricing,0,f,f,f,
A-7c4956,A-32728c,2024-06-22,support,0,f,f,f,
A-3ce5b8,A-1b9609,2024-11-16,unknown,0,f,f,f,
A-0baac2,A-310452,2024-12-25,budget,0,t,f,f,
A-b07346,A-016043,2024-08-11,competitor,84.75,f,f,f,switched to competitor
A-902ef7,A-80eeb6,2023-10-19,features,0,f,f,f,missing features
A-e4bf56,A-7e0a10,2024-09-26,budget,0,f,f,f,missing features
A-cea1f0,A-6a7c9d,2024-11-21,support,0,f,f,f,too expensive
A-4e960a,A-098560,2024-09-04,pricing,0,f,f,f,too expensive
A-443b7c,A-9f9299,2024-03-24,features,0,f,f,f,missing features
A-bcf87c,A-ef84cf,2024-11-20,support,0,f,f,f,too expensive
A-fce879,A-13466a,2024-04-18,pricing,6.51,f,t,t,switched to competitor
A-b07b56,A-65aeb5,2024-02-27,pricing,0,f,f,f,
A-7f6b86,A-659280,2024-11-22,pricing,27.75,f,f,f,switched to competitor
A-8adedc,A-d49cc5,2024-04-12,competitor,0,f,f,f,missing features
A-89ee83,A-cc8c8f,2024-09-12,budget,0,t,f,f,missing features
A-6a7c9d,A-31ab9a,2024-09-23,competitor,0,f,f,t,too expensive
A-cbd1a3,A-e08cd3,2024-09-21,competitor,0,f,f,f,switched to competitor
A-600734,A-0651a4,2024-12-25,support,0,f,f,f,too expensive
A-712f1c,A-b2225d,2024-06-27,budget,0,f,f,t,
A-4814a3,A-c222ab,2024-06-14,budget,4.52,f,f,f,too expensive
A-b7b7b7,A-a6d261,2024-03-10,unknown,99.94,t,f,f,missing features
A-ccc747,A-425e76,2023-09-03,budget,0,f,f,t,missing features
A-b30291,A-df1e44,2024-11-20,budget,0,f,f,f,missing features
A-098560,A-7f29a7,2024-10-09,unknown,23.97,t,f,f,switched to competitor
A-d82ef9,A-b07b56,2024-12-24,budget,0,f,f,f,switched to competitor
A-1f559b,A-d792a6,2024-08-13,support,0,f,f,f,missing features
A-ffdfd5,A-7cfe77,2024-12-19,features,0,f,t,f,missing features
A-0dbdc6,A-69fad4,2024-06-17,support,0,f,f,f,
A-40de06,A-4bfa33,2024-12-28,unknown,7.26,t,f,f,switched to competitor
A-72799b,A-cc1d8d,2024-12-17,features,0,f,f,f,too expensive
A-812c5b,A-7f4db3,2023-03-21,support,0,t,f,f,missing features
A-69b156,A-692f18,2024-12-23,support,0,t,f,f,switched to competitor
A-2d1036,A-7a0d69,2024-07-09,features,28.95,f,f,f,
A-0f6450,A-fda07f,2024-09-13,support,17.34,f,f,f,missing features
A-1e50e0,A-4e44e8,2024-10-11,budget,0,f,f,t,switched to competitor
A-659280,A-cd458b,2024-11-07,budget,0,f,f,f,switched to competitor
A-d535f6,A-56962b,2024-07-27,unknown,45.83,f,f,f,switched to competitor
A-1d5444,A-2bc93d,2023-08-10,pricing,0,f,f,f,missing features
A-0f3e88,A-104f1a,2024-09-06,support,0,f,f,f,too expensive
A-7641d3,A-2e3bad,2024-03-30,features,0,f,f,f,missing features
A-34ea2f,A-2edab2,2023-12-21,unknown,168.73,f,f,f,switched to competitor
A-b11cd0,A-3be56b,2024-06-20,pricing,0,f,f,f,switched to competitor
A-4c56c9,A-6e08f3,2024-02-10,competitor,0,f,f,t,
A-798a3f,A-712533,2024-07-18,unknown,0,t,f,f,missing features
A-6f50ae,A-df10db,2024-07-12,competitor,0,f,f,f,missing features
A-9c18c4,A-acb7f7,2024-03-21,competitor,0,t,f,f,missing features
A-e1b9cd,A-533452,2024-11-19,features,0,f,f,f,
A-0e966d,A-993085,2024-01-21,features,0,f,f,f,
A-d26ab4,A-bb1486,2024-11-21,budget,0,f,f,f,switched to competitor
