account_id,account_name,industry,country,signup_date,referral_source,plan_tier,seats,is_trial,churn_flag
A-2e4581,Company_0,EdTech,United States,16-10-2024,partner,Basic,9,FALSE,FALSE
A-43a9e3,Company_1,FinTech,India,17-08-2023,other,Basic,18,FALSE,TRUE
A-0a282f,Company_2,DevTools,United States,27-08-2024,organic,Basic,1,FALSE,FALSE
A-1f0ac7,Company_3,HealthTech,United Kingdom,27-08-2023,other,Basic,24,TRUE,FALSE
A-ce550d,Company_4,HealthTech,United States,27-10-2024,event,Enterprise,35,FALSE,TRUE
A-1b9609,Company_5,EdTech,India,12-10-2023,ads,Enterprise,4,FALSE,FALSE
A-a0ca4e,Company_6,Cybersecurity,United States,08-03-2024,ads,Pro,11,FALSE,FALSE
A-e5d6ab,Company_7,EdTech,United States,15-04-2023,partner,Pro,3,FALSE,FALSE
A-7dacce,Company_8,Cybersecurity,Canada,10-09-2024,event,Enterprise,12,FALSE,TRUE
A-10b8da,Company_9,DevTools,United States,08-05-2023,partner,Enterprise,14,FALSE,TRUE
A-592832,Company_10,Cybersecurity,United States,25-09-2024,organic,Basic,18,FALSE,TRUE
A-d40bf7,Company_11,FinTech,India,08-11-2024,organic,Basic,59,FALSE,FALSE
A-6c093d,Company_12,DevTools,United States,14-04-2023,partner,Basic,7,TRUE,FALSE
A-462d45,Company_13,Cybersecurity,United States,15-01-2024,partner,Enterprise,11,TRUE,FALSE
A-956988,Company_14,EdTech,United Kingdom,30-11-2024,ads,Enterprise,1,FALSE,FALSE
A-ac14bb,Company_15,FinTech,United States,08-09-2023,partner,Enterprise,21,FALSE,FALSE
A-463db0,Company_16,HealthTech,United States,05-12-2024,partner,Basic,15,FALSE,FALSE
A-ce66f8,Company_17,EdTech,Canada,23-08-2023,event,Pro,29,FALSE,FALSE
A-c4ea60,Company_18,FinTech,Germany,09-03-2023,other,Enterprise,18,FALSE,TRUE
A-832ec2,Company_19,FinTech,United Kingdom,19-11-2023,event,Enterprise,4,TRUE,FALSE
A-684255,Company_20,FinTech,United States,14-04-2024,ads,Enterprise,9,FALSE,FALSE
A-c42f1f,Company_21,HealthTech,United States,28-07-2024,other,Pro,8,FALSE,FALSE
A-4e44e8,Company_22,DevTools,United States,20-08-2024,ads,Enterprise,3,FALSE,TRUE
A-30b4ca,Company_23,EdTech,India,20-05-2024,organic,Basic,86,FALSE,TRUE
A-9f2731,Company_24,FinTech,India,04-10-2024,event,Enterprise,1,FALSE,FALSE
A-32fb14,Company_25,DevTools,United States,07-03-2023,event,Enterprise,26,FALSE,TRUE
A-00cac8,Company_26,HealthTech,Australia,15-09-2023,organic,Enterprise,8,TRUE,FALSE
A-35083d,Company_27,HealthTech,India,28-04-2023,partner,Basic,19,FALSE,TRUE
A-eb7fac,Company_28,DevTools,United States,28-10-2023,organic,Enterprise,7,FALSE,FALSE
A-b20d99,Company_29,HealthTech,India,27-09-2023,other,Basic,20,FALSE,FALSE
A-396e5f,Company_30,Cybersecurity,Canada,02-10-2024,other,Enterprise,2,FALSE,FALSE
A-45ce7a,Company_31,FinTech,United States,23-07-2023,ads,Enterprise,16,FALSE,FALSE
A-08e34e,Company_32,EdTech,United States,27-06-2024,event,Basic,14,FALSE,TRUE
A-8145a0,Company_33,Cybersecurity,Australia,25-04-2023,partner,Basic,2,TRUE,FALSE
A-bad8c1,Company_34,FinTech,Australia,01-03-2023,organic,Basic,7,FALSE,FALSE
A-44dc83,Company_35,EdTech,France,12-05-2024,other,Basic,5,FALSE,FALSE
A-f446b6,Company_36,DevTools,Germany,12-05-2023,ads,Pro,5,TRUE,FALSE
A-a45270,Company_37,HealthTech,United States,24-06-2024,ads,Enterprise,3,FALSE,FALSE
A-854864,Company_38,FinTech,India,07-12-2024,event,Enterprise,20,FALSE,FALSE
A-1b7577,Company_39,Cybersecurity,United States,27-10-2024,other,Pro,4,FALSE,FALSE
A-05f0e5,Company_40,FinTech,United States,04-05-2023,partner,Basic,32,FALSE,FALSE
A-9077b0,Company_41,HealthTech,United States,25-08-2024,ads,Basic,2,FALSE,FALSE
A-7f8241,Company_42,EdTech,United States,14-03-2023,organic,Pro,34,FALSE,TRUE
A-2bc93d,Company_43,HealthTech,United States,14-03-2023,event,Basic,14,FALSE,FALSE
A-f3ff05,Company_44,FinTech,India,06-07-2024,other,Enterprise,2,FALSE,FALSE
A-2d4502,Company_45,FinTech,India,29-04-2024,event,Basic,7,FALSE,FALSE
A-6a4e2d,Company_46,EdTech,United Kingdom,07-04-2023,partner,Pro,9,FALSE,FALSE
A-eb7c38,Company_47,DevTools,Australia,25-02-2024,organic,Enterprise,5,FALSE,FALSE
A-c37601,Company_48,EdTech,United States,31-10-2024,partner,Basic,6,TRUE,FALSE
A-3b5cd1,Company_49,FinTech,United States,12-09-2023,event,Basic,13,TRUE,FALSE
A-b2225d,Company_50,FinTech,United States,08-03-2024,ads,Basic,47,FALSE,TRUE
A-94f8c9,Company_51,HealthTech,United States,29-03-2024,other,Basic,13,FALSE,FALSE
A-02fac6,Company_52,FinTech,United States,06-04-2023,event,Pro,22,FALSE,FALSE
A-c1dfe1,Company_53,DevTools,Germany,07-08-2023,ads,Pro,26,FALSE,FALSE
A-32728c,Company_54,DevTools,United States,03-01-2023,event,Pro,20,FALSE,TRUE
A-4c38bc,Company_55,HealthTech,United Kingdom,09-03-2024,event,Basic,36,FALSE,TRUE
A-1b707d,Company_56,Cybersecurity,United States,14-07-2023,organic,Enterprise,1,FALSE,FALSE
A-6f8ad2,Company_57,EdTech,India,09-07-2024,organic,Basic,1,FALSE,FALSE
A-4d1e75,Company_58,DevTools,United States,21-08-2024,other,Basic,20,FALSE,FALSE
A-9ee962,Company_59,HealthTech,United States,28-02-2023,ads,Basic,9,FALSE,TRUE
A-378b99,Company_60,EdTech,United Kingdom,01-09-2024,ads,Pro,8,TRUE,FALSE
A-94d3da,Company_61,HealthTech,United States,03-05-2023,other,Basic,41,FALSE,FALSE
A-e351e1,Company_62,EdTech,United States,26-09-2024,other,Enterprise,33,FALSE,FALSE
A-9badbd,Company_63,Cybersecurity,Germany,19-06-2024,ads,Enterprise,5,TRUE,FALSE
A-7e0a10,Company_64,FinTech,United States,18-11-2023,ads,Enterprise,46,FALSE,FALSE
A-118d55,Company_65,Cybersecurity,United States,22-10-2024,organic,Basic,8,FALSE,FALSE
A-526d93,Company_66,HealthTech,France,14-04-2024,organic,Basic,43,FALSE,FALSE
A-f92792,Company_67,FinTech,United States,04-07-2024,ads,Pro,1,FALSE,FALSE
A-84ebe4,Company_68,FinTech,United States,12-03-2023,ads,Pro,18,TRUE,TRUE
A-5b4ebb,Company_69,Cybersecurity,United Kingdom,10-07-2024,other,Basic,21,TRUE,TRUE
A-2922b6,Company_70,HealthTech,United States,14-11-2024,organic,Basic,15,FALSE,FALSE
A-9b9fe9,Company_71,EdTech,Australia,28-09-2023,other,Basic,5,FALSE,FALSE
A-a8b49c,Company_72,Cybersecurity,United Kingdom,06-10-2023,partner,Basic,7,FALSE,FALSE
A-9174e0,Company_73,Cybersecurity,United States,04-12-2024,partner,Basic,37,FALSE,FALSE
A-a1bbb6,Company_74,DevTools,Canada,05-04-2023,organic,Basic,1,FALSE,FALSE
A-c45b23,Company_75,FinTech,United Kingdom,08-12-2023,partner,Basic,5,FALSE,FALSE
A-02cd81,Company_76,HealthTech,India,28-03-2024,other,Basic,44,FALSE,FALSE
A-ee42db,Company_77,EdTech,Germany,25-04-2023,ads,Enterprise,13,FALSE,FALSE
A-432483,Company_78,Cybersecurity,United States,06-02-2023,ads,Pro,4,FALSE,FALSE
A-9208f0,Company_79,EdTech,United States,11-05-2023,organic,Pro,1,FALSE,TRUE
A-98a59a,Company_80,FinTech,United Kingdom,04-08-2023,partner,Enterprise,56,FALSE,FALSE
A-fe79a5,Company_81,HealthTech,India,21-02-2024,ads,Basic,9,TRUE,FALSE
A-726cfa,Company_82,DevTools,United States,01-07-2023,partner,Pro,11,FALSE,FALSE
A-c43359,Company_83,FinTech,United States,16-11-2024,organic,Pro,38,FALSE,FALSE
A-271f46,Company_84,DevTools,United States,09-02-2023,event,Pro,38,FALSE,TRUE
A-157070,Company_85,FinTech,United States,09-11-2023,ads,Pro,16,FALSE,FALSE
A-40a557,Company_86,Cybersecurity,Australia,03-12-2023,partner,Pro,16,TRUE,FALSE
A-66224b,Company_87,HealthTech,United States,18-10-2024,other,Pro,92,TRUE,FALSE
A-91e948,Company_88,EdTech,Australia,29-01-2023,partner,Basic,41,FALSE,FALSE
A-104f1a,Company_89,Cybersecurity,United States,17-08-2024,other,Pro,24,FALSE,FALSE
A-7988d1,Company_90,Cybersecurity,United States,20-12-2023,other,Basic,33,FALSE,FALSE
A-faa28c,Company_91,HealthTech,United States,30-01-2024,organic,Enterprise,48,FALSE,FALSE
A-f25509,Company_92,EdTech,United States,22-03-2024,other,Enterprise,32,FALSE,FALSE
A-3a7284,Company_93,FinTech,United States,17-11-2024,organic,Enterprise,31,FALSE,FALSE
A-3a5ad8,Company_94,HealthTech,United States,05-12-2023,organic,Enterprise,9,TRUE,FALSE
A-65a46c,Company_95,HealthTech,United States,04-11-2023,event,Pro,1,FALSE,FALSE
A-8b25f2,Company_96,Cybersecurity,United States,17-02-2024,ads,Pro,6,FALSE,TRUE
A-fabe19,Company_97,DevTools,United Kingdom,11-11-2024,ads,Enterprise,1,FALSE,FALSE
A-adc1f3,Company_98,Cybersecurity,United States,05-08-2024,organic,Pro,2,FALSE,FALSE
A-503d5a,Company_99,FinTech,United States,21-10-2023,other,Enterprise,4,FALSE,TRUE
A-fd7ad3,Company_100,Cybersecurity,United States,01-11-2024,event,Enterprise,1,FALSE,FALSE
A-186a44,Company_101,HealthTech,United States,07-08-2023,ads,Enterprise,20,FALSE,FALSE
A-e888d1,Company_102,Cybersecurity,United States,28-03-2023,other,Pro,14,FALSE,FALSE
A-69fad4,Company_103,FinTech,United Kingdom,06-04-2023,ads,Basic,6,FALSE,TRUE
A-9289f6,Company_104,EdTech,United States,31-05-2023,event,Enterprise,1,FALSE,FALSE
A-f19409,Company_105,DevTools,United States,16-03-2023,other,Basic,23,FALSE,TRUE
A-22f2df,Company_106,DevTools,United States,14-12-2024,ads,Basic,3,FALSE,FALSE
A-039727,Company_107,EdTech,Australia,02-11-2024,organic,Pro,25,FALSE,FALSE
A-2e3bad,Company_108,FinTech,Canada,13-08-2023,other,Pro,61,FALSE,FALSE
A-484819,Company_109,HealthTech,United States,21-02-2023,organic,Pro,18,FALSE,FALSE
A-425e76,Company_110,DevTools,United Kingdom,17-05-2023,other,Enterprise,8,FALSE,TRUE
A-e83938,Company_111,DevTools,United Kingdom,21-11-2023,other,Pro,2,TRUE,TRUE
A-ad296b,Company_112,DevTools,Australia,15-07-2024,event,Pro,38,FALSE,FALSE
A-e51ec7,Company_113,FinTech,Canada,23-09-2023,partner,Enterprise,2,FALSE,FALSE
A-0aaf6e,Company_114,FinTech,United States,11-05-2024,organic,Enterprise,3,FALSE,FALSE
A-e61e98,Company_115,FinTech,United States,20-10-2023,partner,Enterprise,19,FALSE,TRUE
A-92a333,Company_116,FinTech,United States,24-03-2023,event,Enterprise,9,FALSE,FALSE
A-95b24a,Company_117,FinTech,United States,06-06-2023,event,Pro,38,FALSE,TRUE
A-42e5e1,Company_118,DevTools,United States,09-07-2024,ads,Pro,1,FALSE,TRUE
A-7d514c,Company_119,HealthTech,Germany,03-02-2024,organic,Enterprise,17,FALSE,FALSE
A-65aeb5,Company_120,DevTools,United States,25-01-2024,partner,Pro,9,FALSE,FALSE
A-e2cd1b,Company_121,DevTools,United States,04-02-2024,other,Enterprise,15,FALSE,FALSE
A-180abf,Company_122,DevTools,United States,14-08-2023,event,Pro,64,FALSE,TRUE
A-f17767,Company_123,DevTools,United States,30-01-2023,event,Enterprise,1,TRUE,TRUE
A-5a184f,Company_124,DevTools,Germany,19-06-2023,other,Enterprise,1,FALSE,TRUE
A-7df7a7,Company_125,DevTools,United States,28-01-2023,organic,Basic,7,FALSE,TRUE
A-1ac5e0,Company_126,DevTools,United States,20-10-2024,event,Basic,33,FALSE,TRUE
A-52dd88,Company_127,Cybersecurity,United States,21-02-2023,ads,Pro,23,FALSE,FALSE
A-bece89,Company_128,Cybersecurity,India,01-12-2023,event,Pro,26,FALSE,FALSE
A-029f69,Company_129,Cybersecurity,Canada,07-03-2024,event,Basic,3,FALSE,FALSE
A-5c046d,Company_130,EdTech,France,06-07-2024,partner,Basic,93,FALSE,FALSE
A-fb186e,Company_131,EdTech,India,27-10-2024,organic,Basic,29,FALSE,FALSE
A-ae052e,Company_132,FinTech,Canada,11-09-2023,other,Basic,39,FALSE,FALSE
A-9f9299,Company_133,FinTech,United States,02-09-2023,organic,Enterprise,28,TRUE,FALSE
A-96e141,Company_134,DevTools,United Kingdom,12-08-2023,partner,Basic,14,FALSE,FALSE
A-117171,Company_135,HealthTech,France,12-09-2024,organic,Basic,45,FALSE,TRUE
A-313be3,Company_136,EdTech,United States,15-11-2023,partner,Enterprise,47,TRUE,FALSE
A-671f31,Company_137,DevTools,United States,24-11-2024,ads,Basic,59,FALSE,FALSE
A-bbc346,Company_138,FinTech,United States,29-08-2024,partner,Enterprise,19,FALSE,FALSE
A-c16101,Company_139,EdTech,India,06-09-2024,other,Basic,7,FALSE,FALSE
A-50f3f7,Company_140,HealthTech,United States,22-12-2023,partner,Basic,31,FALSE,TRUE
A-7da956,Company_141,Cybersecurity,United States,02-06-2024,event,Pro,13,TRUE,FALSE
A-019782,Company_142,DevTools,France,19-04-2023,event,Enterprise,11,FALSE,FALSE
A-df10db,Company_143,DevTools,United States,06-06-2023,other,Enterprise,2,TRUE,FALSE
A-3932db,Company_144,HealthTech,Canada,04-10-2023,other,Pro,19,TRUE,TRUE
A-4f18f0,Company_145,DevTools,Canada,21-04-2024,other,Pro,24,TRUE,FALSE
A-4c6f11,Company_146,FinTech,Canada,27-11-2023,organic,Pro,24,TRUE,TRUE
A-8ae05d,Company_147,FinTech,India,06-04-2024,other,Enterprise,86,FALSE,FALSE
A-b78bf8,Company_148,DevTools,United States,15-11-2024,event,Pro,33,FALSE,FALSE
A-eafc6e,Company_149,DevTools,United States,06-07-2023,partner,Pro,27,FALSE,TRUE
A-37f969,Company_150,HealthTech,India,14-10-2023,partner,Enterprise,30,FALSE,FALSE
A-10b8f2,Company_151,HealthTech,Germany,11-01-2023,organic,Basic,47,TRUE,FALSE
A-439b2f,Company_152,DevTools,United States,21-02-2024,ads,Enterprise,1,FALSE,TRUE
A-544d0a,Company_153,DevTools,United States,02-05-2024,organic,Basic,2,TRUE,FALSE
A-ba6516,Company_154,FinTech,United States,29-10-2023,ads,Pro,27,FALSE,FALSE
A-712426,Company_155,HealthTech,United States,10-11-2024,other,Enterprise,9,FALSE,FALSE
A-038089,Company_156,DevTools,France,19-12-2023,other,Pro,5,FALSE,TRUE
A-afa505,Company_157,DevTools,United States,27-12-2023,partner,Basic,70,TRUE,FALSE
A-d5a319,Company_158,FinTech,United States,04-05-2023,other,Enterprise,15,FALSE,TRUE
A-f97b9a,Company_159,FinTech,United States,09-07-2023,event,Pro,16,FALSE,FALSE
A-2f6a32,Company_160,HealthTech,United States,26-08-2024,organic,Basic,19,FALSE,FALSE
A-856b1e,Company_161,FinTech,United States,31-10-2023,partner,Basic,19,FALSE,FALSE
A-17939a,Company_162,HealthTech,United States,26-12-2024,organic,Basic,1,FALSE,FALSE
A-d27f50,Company_163,Cybersecurity,United Kingdom,20-07-2024,ads,Enterprise,44,FALSE,FALSE
A-e36807,Company_164,EdTech,Australia,17-05-2024,other,Pro,6,FALSE,FALSE
A-ff79f2,Company_165,DevTools,United States,25-04-2024,ads,Basic,8,FALSE,TRUE
A-5b1bcd,Company_166,DevTools,United States,16-09-2023,organic,Pro,73,FALSE,FALSE
A-71615e,Company_167,EdTech,United States,18-05-2024,organic,Basic,15,FALSE,FALSE
A-794a0b,Company_168,HealthTech,Germany,02-06-2023,organic,Basic,23,FALSE,FALSE
A-86902e,Company_169,HealthTech,India,02-05-2023,other,Enterprise,34,FALSE,FALSE
A-0532a9,Company_170,FinTech,India,25-09-2024,event,Pro,19,FALSE,FALSE
A-9779ad,Company_171,Cybersecurity,Australia,29-03-2024,event,Pro,40,TRUE,TRUE
A-f45426,Company_172,HealthTech,United States,05-08-2024,organic,Basic,9,FALSE,FALSE
A-c1e51e,Company_173,FinTech,United States,02-10-2024,organic,Basic,3,FALSE,FALSE
A-fa3095,Company_174,FinTech,United States,03-09-2023,ads,Basic,70,FALSE,FALSE
A-ad64c6,Company_175,DevTools,United Kingdom,23-02-2024,event,Pro,12,FALSE,FALSE
A-39b19f,Company_176,FinTech,United States,03-02-2023,partner,Enterprise,1,FALSE,FALSE
A-56962b,Company_177,EdTech,United Kingdom,09-04-2024,partner,Enterprise,163,FALSE,FALSE
A-e60f9d,Company_178,FinTech,United States,26-08-2024,other,Basic,29,FALSE,FALSE
A-88c6ca,Company_179,FinTech,Germany,25-10-2024,ads,Basic,5,FALSE,TRUE
A-158f4e,Company_180,FinTech,India,03-03-2023,other,Enterprise,61,FALSE,FALSE
A-5b051a,Company_181,Cybersecurity,United States,05-08-2024,event,Enterprise,22,FALSE,FALSE
A-296d7c,Company_182,DevTools,Germany,08-11-2023,other,Enterprise,2,FALSE,FALSE
A-1619f8,Company_183,DevTools,United States,20-05-2024,organic,Pro,29,FALSE,FALSE
A-a1b80b,Company_184,HealthTech,United States,27-11-2023,organic,Basic,16,FALSE,FALSE
A-139c3b,Company_185,HealthTech,United States,21-11-2024,organic,Enterprise,10,TRUE,TRUE
A-702032,Company_186,HealthTech,United States,03-10-2023,ads,Pro,28,FALSE,FALSE
A-7a0d69,Company_187,DevTools,Germany,15-06-2024,ads,Enterprise,4,TRUE,TRUE
A-22d9d2,Company_188,DevTools,France,22-03-2024,event,Pro,8,FALSE,FALSE
A-b9eed8,Company_189,Cybersecurity,United States,23-02-2024,organic,Basic,11,FALSE,FALSE
A-dfbd31,Company_190,DevTools,United Kingdom,04-12-2023,partner,Enterprise,14,FALSE,FALSE
A-8e47ca,Company_191,HealthTech,United States,15-02-2024,organic,Pro,19,FALSE,FALSE
A-4437e4,Company_192,Cybersecurity,United States,16-09-2023,event,Enterprise,3,FALSE,FALSE
A-779e4e,Company_193,HealthTech,United States,02-01-2023,organic,Basic,5,FALSE,FALSE
A-53f4e3,Company_194,Cybersecurity,United Kingdom,14-06-2024,event,Enterprise,13,FALSE,FALSE
A-692f18,Company_195,EdTech,United States,28-03-2024,other,Basic,5,TRUE,TRUE
A-13466a,Company_196,DevTools,Australia,22-10-2023,event,Basic,2,FALSE,TRUE
A-1986ca,Company_197,HealthTech,India,30-01-2023,ads,Pro,20,FALSE,FALSE
A-0cc442,Company_198,EdTech,United States,18-07-2024,organic,Basic,45,FALSE,FALSE
A-c608c8,Company_199,DevTools,Germany,27-04-2023,ads,Pro,3,FALSE,TRUE
A-3be56b,Company_200,HealthTech,India,26-10-2023,event,Pro,3,FALSE,TRUE
A-354f12,Company_201,FinTech,United States,28-04-2024,ads,Pro,1,TRUE,FALSE
A-68f37c,Company_202,HealthTech,United States,15-07-2023,ads,Basic,4,FALSE,FALSE
A-aa9511,Company_203,DevTools,United States,10-10-2023,other,Pro,23,TRUE,FALSE
A-af0cd2,Company_204,Cybersecurity,India,03-01-2023,other,Enterprise,19,TRUE,FALSE
A-bd4513,Company_205,DevTools,Australia,06-11-2024,event,Enterprise,50,TRUE,FALSE
A-c222ab,Company_206,Cybersecurity,United States,10-05-2024,other,Pro,32,FALSE,TRUE
A-34d880,Company_207,Cybersecurity,Australia,11-04-2024,ads,Enterprise,4,FALSE,FALSE
A-508199,Company_208,FinTech,Australia,28-01-2024,event,Basic,19,FALSE,FALSE
A-f03140,Company_209,DevTools,India,22-11-2023,event,Pro,27,TRUE,FALSE
A-410e86,Company_210,FinTech,United States,10-11-2024,organic,Basic,24,FALSE,FALSE
A-fa2041,Company_211,HealthTech,United States,29-05-2024,organic,Pro,15,TRUE,FALSE
A-de58ca,Company_212,HealthTech,Germany,13-04-2023,organic,Enterprise,15,FALSE,FALSE
A-05d3b3,Company_213,DevTools,Australia,28-05-2023,ads,Basic,9,TRUE,FALSE
A-249769,Company_214,Cybersecurity,United States,25-04-2024,event,Enterprise,4,FALSE,TRUE
A-e43bf7,Company_215,Cybersecurity,Australia,24-03-2023,other,Pro,44,FALSE,FALSE
A-eb2fdc,Company_216,DevTools,Australia,21-11-2023,organic,Enterprise,31,FALSE,TRUE
A-e1462e,Company_217,FinTech,United Kingdom,12-03-2023,partner,Basic,15,FALSE,FALSE
A-cab532,Company_218,DevTools,France,03-04-2023,organic,Pro,11,TRUE,FALSE
A-9123ac,Company_219,Cybersecurity,Germany,20-06-2023,organic,Pro,9,FALSE,FALSE
A-6e08f3,Company_220,Cybersecurity,United States,27-02-2023,event,Basic,8,FALSE,FALSE
A-d922bf,Company_221,HealthTech,United States,08-09-2023,ads,Basic,5,TRUE,TRUE
A-8ed5dd,Company_222,EdTech,United Kingdom,29-06-2023,event,Enterprise,5,FALSE,TRUE
A-7c6b6b,Company_223,FinTech,United States,30-11-2024,other,Basic,6,FALSE,FALSE
A-3c1a3f,Company_224,DevTools,United Kingdom,26-08-2023,event,Pro,1,FALSE,FALSE
A-b48f73,Company_225,EdTech,Australia,13-11-2024,event,Pro,80,TRUE,FALSE
A-76fa4d,Company_226,HealthTech,United States,24-11-2024,event,Pro,69,FALSE,FALSE
A-b2af2e,Company_227,Cybersecurity,United Kingdom,24-08-2024,event,Enterprise,5,FALSE,FALSE
A-9bfc9f,Company_228,DevTools,Canada,14-09-2023,ads,Pro,53,FALSE,FALSE
A-4ae22a,Company_229,EdTech,United States,09-05-2024,other,Pro,6,FALSE,TRUE
A-fda07f,Company_230,Cybersecurity,France,11-08-2024,partner,Basic,7,FALSE,FALSE
A-de24d5,Company_231,DevTools,United States,05-11-2024,other,Enterprise,5,TRUE,FALSE
A-977ca0,Company_232,HealthTech,India,20-02-2023,partner,Basic,6,FALSE,TRUE
A-ab438f,Company_233,Cybersecurity,United States,13-09-2024,ads,Enterprise,13,FALSE,TRUE
A-e89151,Company_234,FinTech,United Kingdom,14-09-2023,organic,Pro,8,TRUE,TRUE
A-40906c,Company_235,EdTech,United States,27-03-2024,ads,Basic,92,FALSE,FALSE
A-81edc3,Company_236,Cybersecurity,India,30-10-2023,ads,Basic,5,FALSE,FALSE
A-328bd0,Company_237,HealthTech,Australia,16-05-2023,partner,Enterprise,18,FALSE,FALSE
A-b3fe05,Company_238,Cybersecurity,Canada,28-05-2024,partner,Pro,8,FALSE,FALSE
A-09540c,Company_239,Cybersecurity,Canada,30-10-2023,event,Basic,67,TRUE,FALSE
A-e693b6,Company_240,FinTech,Australia,25-05-2023,event,Enterprise,55,FALSE,TRUE
A-2446e3,Company_241,EdTech,India,10-01-2024,organic,Pro,27,FALSE,FALSE
A-241e75,Company_242,EdTech,United States,03-07-2024,partner,Enterprise,3,FALSE,FALSE
A-922109,Company_243,Cybersecurity,United States,26-01-2024,ads,Pro,3,FALSE,FALSE
A-ff3c73,Company_244,HealthTech,Australia,26-01-2023,other,Pro,21,FALSE,FALSE
A-8b0451,Company_245,FinTech,United Kingdom,16-09-2024,event,Enterprise,41,FALSE,FALSE
A-331424,Company_246,DevTools,United States,06-11-2023,organic,Basic,11,FALSE,FALSE
A-51ec1b,Company_247,DevTools,United States,08-11-2023,ads,Enterprise,7,FALSE,FALSE
A-bcf664,Company_248,DevTools,United States,19-05-2023,other,Pro,5,FALSE,FALSE
A-90a8c8,Company_249,FinTech,Australia,24-08-2024,organic,Pro,15,FALSE,FALSE
A-86cdb4,Company_250,DevTools,Germany,22-09-2024,partner,Basic,2,FALSE,FALSE
A-4bfa33,Company_251,Cybersecurity,United States,07-12-2024,event,Basic,8,TRUE,FALSE
A-dbc825,Company_252,EdTech,France,07-01-2024,partner,Enterprise,19,FALSE,FALSE
A-c70870,Company_253,Cybersecurity,United States,22-10-2024,partner,Basic,31,FALSE,FALSE
A-7c4956,Company_254,DevTools,United States,06-05-2023,ads,Enterprise,5,FALSE,TRUE
A-0651a4,Company_255,HealthTech,France,16-10-2024,organic,Pro,16,FALSE,FALSE
A-3ce5b8,Company_256,FinTech,India,07-09-2023,ads,Basic,8,FALSE,TRUE
A-bd4708,Company_257,FinTech,United States,21-07-2024,ads,Pro,37,TRUE,FALSE
A-993085,Company_258,HealthTech,United States,01-06-2023,ads,Basic,31,TRUE,FALSE
A-92a3af,Company_259,Cybersecurity,India,07-07-2024,organic,Enterprise,25,FALSE,FALSE
A-151c9a,Company_260,FinTech,United States,27-01-2023,ads,Enterprise,23,FALSE,FALSE
A-474ad4,Company_261,EdTech,United States,28-11-2023,organic,Basic,8,FALSE,FALSE
A-4ef964,Company_262,HealthTech,United States,07-03-2024,organic,Pro,17,FALSE,FALSE
A-fd9422,Company_263,Cybersecurity,United States,04-04-2024,organic,Pro,58,FALSE,FALSE
A-0baac2,Company_264,FinTech,Germany,30-05-2024,organic,Enterprise,14,FALSE,TRUE
A-bb1486,Company_265,HealthTech,United States,05-11-2024,organic,Basic,41,FALSE,FALSE
A-560d27,Company_266,DevTools,United States,05-05-2024,organic,Pro,23,FALSE,FALSE
A-0b0d6d,Company_267,DevTools,United States,30-12-2024,organic,Pro,3,FALSE,FALSE
A-2789e3,Company_268,FinTech,United States,14-09-2024,partner,Enterprise,11,FALSE,FALSE
A-b07346,Company_269,HealthTech,United States,10-10-2024,partner,Pro,51,FALSE,TRUE
A-902ef7,Company_270,HealthTech,United States,03-09-2024,other,Enterprise,83,FALSE,TRUE
A-20736a,Company_271,EdTech,India,16-03-2024,organic,Enterprise,50,FALSE,FALSE
A-e4bf56,Company_272,HealthTech,India,28-10-2024,ads,Pro,17,FALSE,TRUE
A-cea1f0,Company_273,FinTech,United States,07-04-2024,event,Pro,8,FALSE,TRUE
A-ef84cf,Company_274,EdTech,United States,01-03-2024,partner,Enterprise,8,FALSE,FALSE
A-d49cc5,Company_275,Cybersecurity,France,19-09-2023,event,Basic,50,FALSE,FALSE
A-67be94,Company_276,EdTech,United States,04-04-2023,organic,Enterprise,26,FALSE,FALSE
A-4e960a,Company_277,FinTech,United States,17-01-2024,other,Enterprise,12,TRUE,TRUE
A-c37cab,Company_278,Cybersecurity,United Kingdom,29-07-2024,event,Pro,13,FALSE,FALSE
A-533452,Company_279,DevTools,Australia,12-11-2024,organic,Pro,9,FALSE,FALSE
A-443b7c,Company_280,Cybersecurity,United States,06-09-2024,other,Enterprise,1,FALSE,TRUE
A-1f7acb,Company_281,FinTech,United Kingdom,06-08-2023,ads,Basic,64,TRUE,FALSE
A-f51f16,Company_282,HealthTech,United States,25-12-2023,partner,Enterprise,1,FALSE,FALSE
A-5a3eb9,Company_283,DevTools,Canada,20-08-2023,other,Enterprise,18,TRUE,FALSE
A-5f2961,Company_284,HealthTech,United States,22-11-2024,partner,Basic,4,FALSE,FALSE
A-417d2f,Company_285,Cybersecurity,India,04-07-2023,partner,Pro,4,TRUE,FALSE
A-e98302,Company_286,EdTech,United States,26-12-2023,ads,Enterprise,16,TRUE,FALSE
A-8bde0c,Company_287,DevTools,United States,04-11-2024,organic,Basic,12,FALSE,FALSE
A-bcf87c,Company_288,FinTech,United States,27-06-2024,event,Pro,10,FALSE,TRUE
A-54ecc2,Company_289,Cybersecurity,United States,11-06-2023,partner,Enterprise,4,FALSE,FALSE
A-625d0b,Company_290,EdTech,Australia,02-09-2024,ads,Basic,9,FALSE,FALSE
A-fce879,Company_291,EdTech,United Kingdom,24-09-2024,partner,Pro,10,TRUE,TRUE
A-b07b56,Company_292,DevTools,United States,08-11-2024,event,Pro,25,FALSE,TRUE
A-6da850,Company_293,FinTech,India,07-10-2023,organic,Pro,5,FALSE,FALSE
A-342303,Company_294,EdTech,United States,16-03-2024,other,Pro,1,TRUE,FALSE
A-e7a1e2,Company_295,Cybersecurity,United States,23-06-2024,event,Enterprise,3,FALSE,FALSE
A-f1f639,Company_296,EdTech,United States,26-02-2023,ads,Basic,2,FALSE,FALSE
A-a865bd,Company_297,Cybersecurity,United States,19-09-2023,organic,Pro,38,FALSE,FALSE
A-4e631b,Company_298,FinTech,United States,16-03-2024,other,Enterprise,22,FALSE,FALSE
A-7f6b86,Company_299,HealthTech,United States,24-08-2023,partner,Basic,45,TRUE,TRUE
A-8adedc,Company_300,EdTech,United States,11-02-2024,event,Basic,4,TRUE,TRUE
A-2edab2,Company_301,HealthTech,United States,17-11-2023,event,Enterprise,17,FALSE,FALSE
A-149a69,Company_302,DevTools,United States,17-10-2024,event,Basic,34,FALSE,FALSE
A-a6d261,Company_303,FinTech,Canada,29-11-2023,other,Pro,9,FALSE,FALSE
A-443f6f,Company_304,Cybersecurity,United States,07-12-2024,organic,Basic,19,FALSE,FALSE
A-202b67,Company_305,HealthTech,United States,22-03-2024,organic,Pro,11,FALSE,FALSE
A-00bed1,Company_306,Cybersecurity,United States,14-11-2023,ads,Basic,28,TRUE,FALSE
A-ffc04f,Company_307,EdTech,United States,06-06-2024,ads,Pro,13,FALSE,FALSE
A-65c341,Company_308,FinTech,United States,26-12-2023,ads,Pro,11,TRUE,FALSE
A-dcc2f0,Company_309,FinTech,United Kingdom,22-07-2023,organic,Basic,15,FALSE,FALSE
A-ced9aa,Company_310,DevTools,United States,05-10-2024,other,Enterprise,3,FALSE,FALSE
A-3d957b,Company_311,HealthTech,United Kingdom,04-04-2024,other,Pro,14,FALSE,FALSE
A-89ee83,Company_312,Cybersecurity,United States,04-10-2024,organic,Pro,1,FALSE,TRUE
A-883b7d,Company_313,Cybersecurity,India,28-03-2024,other,Basic,17,FALSE,FALSE
A-dcc3f1,Company_314,HealthTech,United States,27-12-2023,event,Pro,21,FALSE,FALSE
A-c62e55,Company_315,EdTech,United States,08-02-2023,partner,Basic,1,TRUE,FALSE
A-e4144b,Company_316,EdTech,United Kingdom,22-10-2024,other,Pro,41,FALSE,FALSE
A-e40f45,Company_317,HealthTech,United States,18-04-2024,organic,Pro,21,FALSE,FALSE
A-96215d,Company_318,FinTech,United States,08-08-2024,event,Enterprise,10,FALSE,FALSE
A-2b9d3e,Company_319,EdTech,United States,04-06-2023,partner,Enterprise,1,FALSE,FALSE
A-b7724f,Company_320,HealthTech,United Kingdom,28-03-2023,organic,Basic,1,FALSE,FALSE
A-310452,Company_321,DevTools,France,25-12-2024,other,Enterprise,9,FALSE,FALSE
A-eb1312,Company_322,FinTech,United States,16-09-2024,partner,Pro,25,FALSE,FALSE
A-df1e44,Company_323,Cybersecurity,United Kingdom,23-02-2024,organic,Enterprise,12,FALSE,FALSE
A-6a7c9d,Company_324,Cybersecurity,United States,24-10-2024,organic,Enterprise,26,FALSE,TRUE
A-cbd1a3,Company_325,DevTools,United States,25-11-2024,other,Basic,6,FALSE,TRUE
A-a8d89d,Company_326,EdTech,United States,08-12-2023,ads,Pro,13,FALSE,FALSE
A-600734,Company_327,DevTools,United States,14-11-2023,organic,Pro,29,TRUE,TRUE
A-86fc1d,Company_328,DevTools,United Kingdom,26-07-2024,partner,Basic,26,FALSE,FALSE
A-78f02b,Company_329,HealthTech,United States,17-11-2024,event,Enterprise,11,FALSE,FALSE
A-acb7f7,Company_330,EdTech,United States,06-01-2024,ads,Basic,32,FALSE,FALSE
A-712f1c,Company_331,DevTools,United States,16-12-2023,ads,Basic,17,FALSE,TRUE
A-3793ee,Company_332,Cybersecurity,Canada,21-03-2023,organic,Enterprise,49,TRUE,FALSE
A-9a532a,Company_333,HealthTech,United States,06-07-2024,partner,Enterprise,11,FALSE,FALSE
A-2ebb4b,Company_334,HealthTech,United States,15-05-2023,ads,Basic,41,FALSE,FALSE
A-6843f2,Company_335,HealthTech,Canada,10-12-2024,ads,Enterprise,21,FALSE,FALSE
A-c9bb3e,Company_336,EdTech,United States,24-03-2024,ads,Pro,5,FALSE,FALSE
A-4814a3,Company_337,Cybersecurity,India,17-09-2024,event,Basic,87,FALSE,TRUE
A-b7b7b7,Company_338,FinTech,United States,30-06-2024,event,Basic,24,FALSE,TRUE
A-ccc747,Company_339,HealthTech,France,12-01-2024,event,Pro,16,FALSE,TRUE
A-bb3bd4,Company_340,HealthTech,United States,27-01-2024,ads,Basic,23,FALSE,FALSE
A-09316c,Company_341,FinTech,Australia,11-09-2024,organic,Enterprise,70,FALSE,FALSE
A-96bbc6,Company_342,Cybersecurity,United States,07-05-2024,organic,Enterprise,39,FALSE,FALSE
A-bc4d48,Company_343,EdTech,United States,12-06-2024,ads,Pro,35,TRUE,FALSE
A-b30291,Company_344,HealthTech,United States,05-04-2024,event,Basic,5,TRUE,TRUE
A-cdf020,Company_345,DevTools,Australia,16-08-2023,organic,Pro,23,FALSE,FALSE
A-e6afc1,Company_346,DevTools,United States,24-02-2023,ads,Pro,1,FALSE,FALSE
A-e3bd71,Company_347,Cybersecurity,United States,25-03-2023,partner,Basic,31,FALSE,FALSE
A-b179bf,Company_348,Cybersecurity,India,27-10-2024,ads,Basic,43,FALSE,FALSE
A-098560,Company_349,DevTools,United Kingdom,21-10-2023,ads,Enterprise,1,FALSE,TRUE
A-82861f,Company_350,DevTools,United Kingdom,25-04-2024,organic,Basic,41,FALSE,FALSE
A-94c3cd,Company_351,FinTech,Canada,20-09-2023,other,Enterprise,32,FALSE,FALSE
A-a33200,Company_352,HealthTech,United States,15-09-2024,partner,Basic,29,FALSE,FALSE
A-034368,Company_353,EdTech,United States,05-11-2023,event,Enterprise,19,FALSE,FALSE
A-b54c01,Company_354,DevTools,United States,29-09-2024,event,Enterprise,29,FALSE,FALSE
A-d82ef9,Company_355,EdTech,United Kingdom,02-07-2024,other,Basic,26,FALSE,TRUE
A-bb2f49,Company_356,Cybersecurity,United States,28-05-2023,other,Pro,8,FALSE,FALSE
A-1f559b,Company_357,HealthTech,United States,04-09-2023,organic,Enterprise,5,TRUE,TRUE
A-5a215a,Company_358,EdTech,France,05-01-2024,other,Enterprise,87,FALSE,FALSE
A-3f9cc0,Company_359,HealthTech,United States,03-06-2024,event,Basic,22,FALSE,FALSE
A-f9cc74,Company_360,DevTools,France,12-10-2024,partner,Enterprise,30,TRUE,FALSE
A-ed510f,Company_361,Cybersecurity,India,17-01-2023,partner,Basic,42,FALSE,FALSE
A-5c9849,Company_362,EdTech,India,03-11-2024,partner,Basic,19,FALSE,FALSE
A-a7bd4b,Company_363,Cybersecurity,United States,15-02-2023,ads,Enterprise,5,FALSE,FALSE
A-d4ac0e,Company_364,DevTools,United Kingdom,20-04-2024,ads,Basic,18,FALSE,FALSE
A-ffdfd5,Company_365,EdTech,United States,13-04-2024,organic,Basic,3,FALSE,TRUE
A-0dbdc6,Company_366,Cybersecurity,Germany,12-02-2023,other,Pro,30,FALSE,TRUE
A-7cfe77,Company_367,DevTools,United States,10-07-2024,ads,Pro,69,FALSE,FALSE
A-1f0636,Company_368,EdTech,Australia,01-01-2024,partner,Pro,105,FALSE,FALSE
A-40de06,Company_369,Cybersecurity,United States,08-05-2023,event,Enterprise,28,FALSE,TRUE
A-cb5333,Company_370,DevTools,United States,26-03-2024,ads,Pro,33,FALSE,FALSE
A-309e54,Company_371,DevTools,United States,09-12-2024,other,Pro,15,FALSE,FALSE
A-6e7827,Company_372,DevTools,United States,26-03-2023,other,Basic,1,FALSE,FALSE
A-50bb9f,Company_373,Cybersecurity,United States,12-07-2024,organic,Pro,2,FALSE,FALSE
A-5fe118,Company_374,Cybersecurity,United States,07-11-2024,other,Enterprise,39,FALSE,FALSE
A-5247b3,Company_375,FinTech,United Kingdom,12-03-2024,partner,Pro,16,TRUE,FALSE
A-f44180,Company_376,Cybersecurity,United Kingdom,13-02-2023,event,Pro,9,FALSE,FALSE
A-c16cf7,Company_377,EdTech,United States,16-10-2024,event,Pro,13,TRUE,FALSE
A-d42431,Company_378,FinTech,France,09-06-2024,ads,Enterprise,22,TRUE,FALSE
A-6965e1,Company_379,DevTools,United States,25-11-2024,organic,Basic,13,FALSE,FALSE
A-0354fe,Company_380,Cybersecurity,United States,22-10-2024,other,Basic,34,FALSE,FALSE
A-0a62f5,Company_381,FinTech,United Kingdom,11-09-2024,partner,Pro,16,FALSE,FALSE
A-f5641b,Company_382,EdTech,United States,30-03-2024,other,Pro,31,FALSE,FALSE
A-b44e3e,Company_383,Cybersecurity,United Kingdom,12-02-2024,ads,Basic,40,FALSE,FALSE
A-3b37d9,Company_384,FinTech,United States,27-01-2023,event,Enterprise,23,FALSE,FALSE
A-54d94a,Company_385,Cybersecurity,India,01-05-2023,event,Basic,27,FALSE,FALSE
A-7f29a7,Company_386,Cybersecurity,United Kingdom,18-09-2024,event,Basic,41,TRUE,FALSE
A-089363,Company_387,FinTech,Australia,06-05-2023,event,Basic,2,FALSE,FALSE
A-524364,Company_388,DevTools,France,31-12-2024,partner,Enterprise,3,FALSE,FALSE
A-855a48,Company_389,EdTech,United States,22-12-2023,partner,Pro,14,TRUE,FALSE
A-756192,Company_390,FinTech,India,11-06-2023,other,Basic,19,FALSE,FALSE
A-49b828,Company_391,FinTech,India,05-05-2023,ads,Pro,6,FALSE,FALSE
A-c7ffc2,Company_392,Cybersecurity,United States,27-01-2023,partner,Pro,30,TRUE,FALSE
A-751c58,Company_393,FinTech,United Kingdom,18-07-2024,organic,Basic,15,FALSE,FALSE
A-72799b,Company_394,DevTools,France,13-11-2023,event,Enterprise,20,FALSE,TRUE
A-812c5b,Company_395,DevTools,Canada,25-02-2024,organic,Basic,55,FALSE,TRUE
A-69b156,Company_396,EdTech,United States,21-11-2023,other,Pro,7,FALSE,TRUE
A-075038,Company_397,HealthTech,United Kingdom,12-05-2023,ads,Basic,17,FALSE,FALSE
A-940b8b,Company_398,HealthTech,Germany,19-03-2024,organic,Basic,1,FALSE,FALSE
A-2d1036,Company_399,FinTech,United States,14-06-2024,ads,Pro,69,FALSE,TRUE
A-0f6450,Company_400,FinTech,United States,27-12-2024,other,Pro,28,TRUE,TRUE
A-9affe6,Company_401,Cybersecurity,United States,22-03-2023,other,Pro,7,FALSE,FALSE
A-80eeb6,Company_402,Cybersecurity,United Kingdom,09-05-2023,organic,Enterprise,22,FALSE,FALSE
A-d4e0d4,Company_403,FinTech,United States,18-10-2024,other,Basic,117,FALSE,FALSE
A-c7e58b,Company_404,HealthTech,India,25-06-2023,other,Pro,3,FALSE,FALSE
A-016043,Company_405,EdTech,Canada,31-07-2024,organic,Basic,4,TRUE,FALSE
A-bbe56f,Company_406,HealthTech,United States,16-02-2023,ads,Enterprise,21,FALSE,FALSE
A-7c5768,Company_407,HealthTech,United Kingdom,02-03-2024,event,Enterprise,3,FALSE,FALSE
A-751bd4,Company_408,Cybersecurity,United Kingdom,12-07-2024,partner,Pro,10,FALSE,FALSE
A-4e0e85,Company_409,DevTools,United States,08-09-2023,organic,Enterprise,6,FALSE,FALSE
A-ad3abd,Company_410,FinTech,United States,03-03-2023,event,Pro,44,FALSE,FALSE
A-e19ff6,Company_411,Cybersecurity,United Kingdom,28-07-2023,partner,Enterprise,1,FALSE,FALSE
A-7920cc,Company_412,Cybersecurity,France,23-11-2023,ads,Pro,39,FALSE,FALSE
A-5a92e7,Company_413,HealthTech,United States,11-06-2024,ads,Pro,4,FALSE,FALSE
A-fdfc91,Company_414,Cybersecurity,United States,06-05-2023,ads,Basic,29,FALSE,FALSE
A-1e50e0,Company_415,Cybersecurity,Germany,21-02-2023,other,Pro,19,TRUE,TRUE
A-1e1b80,Company_416,FinTech,Canada,12-09-2023,other,Enterprise,50,FALSE,FALSE
A-659280,Company_417,FinTech,India,17-11-2023,event,Enterprise,13,TRUE,TRUE
A-f6b2fb,Company_418,DevTools,Australia,23-04-2024,event,Basic,23,FALSE,FALSE
A-cb6cc6,Company_419,DevTools,United States,03-04-2023,ads,Basic,13,TRUE,FALSE
A-d62e02,Company_420,Cybersecurity,United States,20-08-2024,partner,Pro,6,FALSE,FALSE
A-d535f6,Company_421,DevTools,United States,03-09-2024,organic,Basic,12,TRUE,TRUE
A-39868b,Company_422,FinTech,Australia,17-03-2024,partner,Pro,9,FALSE,FALSE
A-3cc791,Company_423,EdTech,United States,10-01-2024,other,Enterprise,6,FALSE,FALSE
A-337bc1,Company_424,Cybersecurity,United States,19-07-2023,organic,Pro,30,TRUE,FALSE
A-58b9ff,Company_425,DevTools,India,31-05-2024,partner,Enterprise,2,FALSE,FALSE
A-bf7919,Company_426,HealthTech,United States,27-11-2024,organic,Pro,3,FALSE,FALSE
A-1d5444,Company_427,Cybersecurity,United States,18-01-2024,partner,Basic,24,FALSE,TRUE
A-0f3e88,Company_428,HealthTech,United States,23-07-2023,other,Basic,7,FALSE,TRUE
A-7641d3,Company_429,EdTech,United States,16-02-2023,partner,Pro,8,TRUE,TRUE
A-cd458b,Company_430,DevTools,United States,15-06-2024,other,Basic,10,TRUE,FALSE
A-c16b88,Company_431,HealthTech,United States,02-12-2023,event,Enterprise,23,FALSE,FALSE
A-59f724,Company_432,HealthTech,United States,03-11-2023,other,Enterprise,3,TRUE,FALSE
A-87aa7b,Company_433,HealthTech,United States,16-05-2024,organic,Pro,24,TRUE,FALSE
A-1e6fc3,Company_434,EdTech,France,06-12-2023,other,Pro,1,FALSE,FALSE
A-39ddf4,Company_435,EdTech,United States,05-12-2024,partner,Enterprise,40,FALSE,FALSE
A-34ea2f,Company_436,HealthTech,United States,15-08-2024,organic,Enterprise,8,FALSE,TRUE
A-716841,Company_437,FinTech,United States,06-05-2024,other,Pro,45,FALSE,FALSE
A-558c72,Company_438,FinTech,United States,01-06-2023,organic,Basic,12,FALSE,FALSE
A-b11cd0,Company_439,DevTools,United States,20-01-2023,ads,Pro,26,TRUE,TRUE
A-cc1d8d,Company_440,FinTech,United States,08-12-2024,other,Pro,5,FALSE,FALSE
A-7f4db3,Company_441,FinTech,United States,05-03-2023,other,Pro,4,FALSE,FALSE
A-db5e9e,Company_442,DevTools,United States,09-11-2024,partner,Basic,4,FALSE,FALSE
A-cc102e,Company_443,HealthTech,United States,15-04-2024,partner,Enterprise,13,FALSE,FALSE
A-82d8a6,Company_444,Cybersecurity,United Kingdom,28-11-2024,ads,Basic,5,FALSE,FALSE
A-dec005,Company_445,HealthTech,United States,13-10-2023,partner,Pro,21,FALSE,FALSE
A-5790f4,Company_446,FinTech,United Kingdom,22-12-2024,event,Pro,1,TRUE,FALSE
A-7c83a1,Company_447,Cybersecurity,United States,06-05-2024,partner,Pro,12,FALSE,FALSE
A-297a2d,Company_448,HealthTech,United Kingdom,05-05-2023,event,Pro,27,FALSE,FALSE
A-4c56c9,Company_449,FinTech,United States,20-12-2023,partner,Enterprise,9,FALSE,TRUE
A-cbbe12,Company_450,Cybersecurity,Germany,22-03-2023,partner,Enterprise,40,FALSE,FALSE
A-4a267b,Company_451,FinTech,United States,05-05-2024,other,Pro,25,FALSE,FALSE
A-bcbe98,Company_452,Cybersecurity,United States,29-07-2024,other,Enterprise,46,FALSE,FALSE
A-427b69,Company_453,FinTech,United States,23-08-2024,other,Basic,17,FALSE,FALSE
A-0be015,Company_454,FinTech,United States,15-10-2024,event,Pro,19,FALSE,FALSE
A-054577,Company_455,EdTech,United Kingdom,28-04-2024,ads,Basic,2,FALSE,FALSE
A-bc87bc,Company_456,FinTech,United States,17-07-2024,event,Pro,3,FALSE,FALSE
A-0f7d77,Company_457,FinTech,India,28-10-2024,partner,Pro,3,FALSE,FALSE
A-e7beab,Company_458,EdTech,Germany,20-10-2023,organic,Enterprise,5,FALSE,FALSE
A-a09355,Company_459,FinTech,United States,10-08-2024,organic,Basic,14,FALSE,FALSE
A-31ab9a,Company_460,FinTech,Germany,03-03-2024,organic,Pro,3,FALSE,FALSE
A-0158bb,Company_461,FinTech,Germany,22-05-2024,partner,Basic,5,FALSE,FALSE
A-f19b24,Company_462,Cybersecurity,United States,10-01-2023,organic,Pro,29,TRUE,FALSE
A-798a3f,Company_463,DevTools,France,19-10-2023,other,Enterprise,12,FALSE,TRUE
A-42b791,Company_464,FinTech,Australia,20-05-2024,event,Pro,3,FALSE,FALSE
A-068fc6,Company_465,EdTech,United States,17-07-2023,event,Enterprise,35,FALSE,FALSE
A-6f50ae,Company_466,FinTech,United States,21-09-2023,partner,Pro,19,FALSE,TRUE
A-a2485e,Company_467,FinTech,United States,04-08-2024,event,Pro,3,TRUE,FALSE
A-bb1eaa,Company_468,Cybersecurity,United States,11-06-2024,organic,Basic,21,FALSE,FALSE
A-cc98bc,Company_469,DevTools,United States,24-05-2023,ads,Basic,32,FALSE,FALSE
A-d77f4c,Company_470,DevTools,United States,25-09-2023,partner,Pro,4,TRUE,FALSE
A-ccabf0,Company_471,HealthTech,India,06-11-2023,organic,Pro,1,FALSE,FALSE
A-700ade,Company_472,Cybersecurity,United Kingdom,31-10-2024,organic,Enterprise,1,TRUE,FALSE
A-4a4c2d,Company_473,DevTools,United States,02-05-2023,event,Enterprise,54,FALSE,FALSE
A-b7ef83,Company_474,Cybersecurity,United Kingdom,29-05-2024,partner,Pro,1,TRUE,FALSE
A-e08cd3,Company_475,FinTech,United States,21-09-2024,ads,Pro,67,TRUE,FALSE
A-19b2c8,Company_476,DevTools,India,06-06-2023,other,Pro,20,FALSE,FALSE
A-970c97,Company_477,HealthTech,Germany,01-03-2024,other,Enterprise,14,FALSE,FALSE
A-6dee43,Company_478,FinTech,United Kingdom,12-08-2023,other,Basic,3,TRUE,FALSE
A-5ed98d,Company_479,DevTools,United States,22-06-2024,partner,Basic,24,FALSE,FALSE
A-c58f49,Company_480,EdTech,United States,31-07-2024,other,Enterprise,70,TRUE,FALSE
A-9c18c4,Company_481,HealthTech,United States,27-07-2023,ads,Pro,11,FALSE,TRUE
A-cc8c8f,Company_482,DevTools,United States,16-06-2024,ads,Enterprise,23,FALSE,FALSE
A-5f7781,Company_483,DevTools,United States,20-08-2024,other,Pro,22,FALSE,FALSE
A-e1b9cd,Company_484,DevTools,United States,26-02-2023,event,Pro,40,FALSE,TRUE
A-ac85cd,Company_485,EdTech,United States,31-07-2024,partner,Enterprise,53,FALSE,FALSE
A-d792a6,Company_486,DevTools,United States,23-01-2023,organic,Enterprise,4,FALSE,FALSE
A-ac9111,Company_487,HealthTech,United States,12-08-2023,event,Pro,21,TRUE,FALSE
A-18793f,Company_488,EdTech,United States,18-12-2024,organic,Basic,148,TRUE,FALSE
A-9f0b68,Company_489,EdTech,United States,28-04-2024,ads,Basic,10,FALSE,FALSE
A-d3c88e,Company_490,DevTools,United States,18-10-2024,event,Pro,16,FALSE,FALSE
A-ccb686,Company_491,DevTools,United States,22-01-2024,other,Basic,10,FALSE,FALSE
A-118f1c,Company_492,Cybersecurity,United States,31-10-2024,other,Pro,32,FALSE,FALSE
A-0e966d,Company_493,FinTech,India,25-06-2024,ads,Basic,11,FALSE,TRUE
A-b9f5b1,Company_494,Cybersecurity,United States,24-01-2023,other,Pro,15,TRUE,FALSE
A-8ae3fc,Company_495,DevTools,Canada,28-06-2024,ads,Pro,9,FALSE,FALSE
A-55f257,Company_496,FinTech,United States,21-12-2023,organic,Basic,9,FALSE,FALSE
A-d26ab4,Company_497,DevTools,United Kingdom,07-11-2024,organic,Basic,9,FALSE,TRUE
A-712533,Company_498,EdTech,United States,31-07-2023,organic,Pro,18,FALSE,FALSE
A-781cc0,Company_499,EdTech,United States,04-09-2024,organic,Pro,12,FALSE,FALSE
